2015;Siti web pi— utilizzati ;                      Utenza giornaliera ;;;        Visualizzazioni totali alla pagina;;;                  Tempo giornaliero;;;
;;Totale ;PC;Mobile;Totali;PC;Mobile;Totali;PC;Mobile;
Gennaio;;;;;;;;;;;
;Giallozafferano;;;;;;;;;;
Tempo libero;Vanityfair;;;;;;;;;;
;Multiplayer;;;;;;;;;;
;Il fatto quotidiano ;;;;;;;;;;
Notizie;Corriere della sera;;;;;;;;;;
;La Repubblica ;;;;;;;;;;
;Ebay.it;;;;;;;;;;
Economia ;Borsa Italiana;;;;;;;;;;
;Yahoo Finance Websites;;;;;;;;;;
;Tutto Sport;;;;;;;;;;
Sport;Corriere dello sport;;;;;;;;;;
;La gazzetta dello sport;;;;;;;;;;
;Skype;;;;;;;;;;
Streaming ;Sky;;;;;;;;;;
;VideoMediaset Intrattenimento;;;;;;;;;;
Febbraio;;;;;;;;;;;
;Giallozafferano;;;;;;;;;;
Tempo libero;Vanityfair;;;;;;;;;;
;Multiplayer;;;;;;;;;;
;Il fatto quotidiano ;;;;;;;;;;
Notizie;Corriere della sera;;;;;;;;;;
;La Repubblica ;;;;;;;;;;
;Ebay.it;;;;;;;;;;
Economia ;Borsa Italiana;;;;;;;;;;
;Yahoo Finance Websites;;;;;;;;;;
;Tutto Sport;;;;;;;;;;
Sport;Corriere dello sport;;;;;;;;;;
;La gazzetta dello sport;;;;;;;;;;
;Skype;;;;;;;;;;
Streaming ;Sky;;;;;;;;;;
;VideoMediaset Intrattenimento;;;;;;;;;;
Marzo;;;;;;;;;;;
;Giallozafferano;;;;;;;;;;
Tempo libero;Vanityfair;;;;;;;;;;
;Multiplayer;;;;;;;;;;
;Il fatto quotidiano ;;;;;;;;;;
Notizie;Corriere della sera;;;;;;;;;;
;La Repubblica ;;;;;;;;;;
;Ebay.it;;;;;;;;;;
Economia ;Borsa Italiana;;;;;;;;;;
;Yahoo Finance Websites;;;;;;;;;;
;Tutto Sport;;;;;;;;;;
Sport;Corriere dello sport;;;;;;;;;;
;La gazzetta dello sport;;;;;;;;;;
;Skype;;;;;;;;;;
Streaming ;Sky;;;;;;;;;;
;VideoMediaset Intrattenimento;;;;;;;;;;
Aprile;;;;;;;;;;;
;Giallozafferano;;;;;;;;;;
Tempo libero;Vanityfair;;;;;;;;;;
;Multiplayer;;;;;;;;;;
;Il fatto quotidiano ;;;;;;;;;;
Notizie;Corriere della sera;;;;;;;;;;
;La Repubblica ;;;;;;;;;;
;Ebay.it;;;;;;;;;;
Economia ;Borsa Italiana;;;;;;;;;;
;Yahoo Finance Websites;;;;;;;;;;
;Tutto Sport;;;;;;;;;;
Sport;Corriere dello sport;;;;;;;;;;
;La gazzetta dello sport;;;;;;;;;;
;Skype;;;;;;;;;;
Streaming ;Sky;;;;;;;;;;
;VideoMediaset Intrattenimento;;;;;;;;;;
Maggio;;;;;;;;;;;
;Giallozafferano;;;;;;;;;;
Tempo libero;Vanityfair;;;;;;;;;;
;Multiplayer;;;;;;;;;;
;Il fatto quotidiano ;;;;;;;;;;
Notizie;Corriere della sera;;;;;;;;;;
;La Repubblica ;;;;;;;;;;
;Ebay.it;;;;;;;;;;
Economia ;Borsa Italiana;;;;;;;;;;
;Yahoo Finance Websites;;;;;;;;;;
;Tutto Sport;;;;;;;;;;
Sport;Corriere dello sport;;;;;;;;;;
;La gazzetta dello sport;;;;;;;;;;
;Skype;;;;;;;;;;
Streaming ;Sky;;;;;;;;;;
;VideoMediaset Intrattenimento;;;;;;;;;;
Giugno ;;;;;;;;;;;
;Giallozafferano;;;;;;;;;;
Tempo libero;Vanityfair;;;;;;;;;;
;Multiplayer;;;;;;;;;;
;Il fatto quotidiano ;;;;;;;;;;
Notizie;Corriere della sera;;;;;;;;;;
;La Repubblica ;;;;;;;;;;
;Ebay.it;;;;;;;;;;
Economia ;Borsa Italiana;;;;;;;;;;
;Yahoo Finance Websites;;;;;;;;;;
;Tutto Sport;;;;;;;;;;
Sport;Corriere dello sport;;;;;;;;;;
;La gazzetta dello sport;;;;;;;;;;
;Skype;;;;;;;;;;
Streaming ;Sky;;;;;;;;;;
;VideoMediaset Intrattenimento;;;;;;;;;;
Luglio;;;;;;;;;;;
;Giallozafferano;;;;;;;;;;
Tempo libero;Vanityfair;;;;;;;;;;
;Multiplayer;;;;;;;;;;
;Il fatto quotidiano ;;;;;;;;;;
Notizie;Corriere della sera;;;;;;;;;;
;La Repubblica ;;;;;;;;;;
;Ebay.it;;;;;;;;;;
Economia ;Borsa Italiana;;;;;;;;;;
;Yahoo Finance Websites;;;;;;;;;;
;Tutto Sport;;;;;;;;;;
Sport;Corriere dello sport;;;;;;;;;;
;La gazzetta dello sport;;;;;;;;;;
;Skype;;;;;;;;;;
Streaming ;Sky;;;;;;;;;;
;VideoMediaset Intrattenimento;;;;;;;;;;
Agosto;;;;;;;;;;;
;Giallozafferano;;;;;;;;;;
Tempo libero;Vanityfair;;;;;;;;;;
;Multiplayer;;;;;;;;;;
;Il fatto quotidiano ;;;;;;;;;;
Notizie;Corriere della sera;;;;;;;;;;
;La Repubblica ;;;;;;;;;;
;Ebay.it;;;;;;;;;;
Economia ;Borsa Italiana;;;;;;;;;;
;Yahoo Finance Websites;;;;;;;;;;
;Tutto Sport;;;;;;;;;;
Sport;Corriere dello sport;;;;;;;;;;
;La gazzetta dello sport;;;;;;;;;;
;Skype;;;;;;;;;;
Streaming ;Sky;;;;;;;;;;
;VideoMediaset Intrattenimento;;;;;;;;;;
Settembre;;;;;;;;;;;
;Giallozafferano;;;;;;;;;;
Tempo libero;Vanityfair;;;;;;;;;;
;Multiplayer;;;;;;;;;;
;Il fatto quotidiano ;;;;;;;;;;
Notizie;Corriere della sera;;;;;;;;;;
;La Repubblica ;;;;;;;;;;
;Ebay.it;;;;;;;;;;
Economia ;Borsa Italiana;;;;;;;;;;
;Yahoo Finance Websites;;;;;;;;;;
;Tutto Sport;;;;;;;;;;
Sport;Corriere dello sport;;;;;;;;;;
;La gazzetta dello sport;;;;;;;;;;
;Skype;;;;;;;;;;
Streaming ;Sky;;;;;;;;;;
;VideoMediaset Intrattenimento;;;;;;;;;;
Ottobre;;;;;;;;;;;
;Giallozafferano;;;;;;;;;;
Tempo libero;Vanityfair;;;;;;;;;;
;Multiplayer;;;;;;;;;;
;Il fatto quotidiano ;;;;;;;;;;
Notizie;Corriere della sera;;;;;;;;;;
;La Repubblica ;;;;;;;;;;
;Ebay.it;;;;;;;;;;
Economia ;Borsa Italiana;;;;;;;;;;
;Yahoo Finance Websites;;;;;;;;;;
;Tutto Sport;;;;;;;;;;
Sport;Corriere dello sport;;;;;;;;;;
;La gazzetta dello sport;;;;;;;;;;
;Skype;;;;;;;;;;
Streaming ;Sky;;;;;;;;;;
;VideoMediaset Intrattenimento;;;;;;;;;;
Novembre;;;;;;;;;;;
;Giallozafferano;;;;;;;;;;
Tempo libero;Vanityfair;;;;;;;;;;
;Multiplayer;;;;;;;;;;
;Il fatto quotidiano ;;;;;;;;;;
Notizie;Corriere della sera;;;;;;;;;;
;La Repubblica ;;;;;;;;;;
;Ebay.it;;;;;;;;;;
Economia ;Borsa Italiana;;;;;;;;;;
;Yahoo Finance Websites;;;;;;;;;;
;Tutto Sport;;;;;;;;;;
Sport;Corriere dello sport;;;;;;;;;;
;La gazzetta dello sport;;;;;;;;;;
;Skype;;;;;;;;;;
Streaming ;Sky;;;;;;;;;;
;VideoMediaset Intrattenimento;;;;;;;;;;
Dicembre ;;;;;;;;;;;
;Giallozafferano;;;;;;;;;;
Tempo libero;Vanityfair;;;;;;;;;;
;Multiplayer;;;;;;;;;;
;Il fatto quotidiano ;;;;;;;;;;
Notizie;Corriere della sera;;;;;;;;;;
;La Repubblica ;;;;;;;;;;
;Ebay.it;;;;;;;;;;
Economia ;Borsa Italiana;;;;;;;;;;
;Yahoo Finance Websites;;;;;;;;;;
;Tutto Sport;;;;;;;;;;
Sport;Corriere dello sport;;;;;;;;;;
;La gazzetta dello sport;;;;;;;;;;
;Skype;;;;;;;;;;
Streaming ;Sky;;;;;;;;;;
;VideoMediaset Intrattenimento;;;;;;;;;;
;;;;;;;;;;;
